Game_ID,WL,Team,Opponent,Team_ORtg_game,Team_DRtg_game,Team_PTS,Team_FGA,Team_FTA,Team_OREB,Team_TOV,Opp_PTS,Opp_FGA,Opp_TOV,Opp_OREB,Opp_FTA,Team_DRtg_season,Team_ORtg_season,Season
,,,,8566.623094025124,8948.820288635028,7972,6496,2207,1069,1235,8362,6433,1168,981,2372,109.11207148523947,104.44014735860229,2005-06
,,,,8472.889306705214,8623.51553096242,8033,6322,2204,813,1301,8159,6462,1140,910,2457,104.96482732713416,103.25511326827562,2005-06
,,,,8667.295721088652,8470.156729373843,8002,6412,2318,959,1099,7819,6481,1037,807,1970,103.18298186808838,105.67993322697545,2005-06
,,,,8338.55803336078,8618.610622316277,7611,6428,2176,918,1026,7842,6286,1157,860,2014,104.99172597721832,101.56883887773839,2005-06
,,,,8336.061798915927,8284.025954755125,8020,6737,1967,906,1197,7968,6515,1169,881,2472,100.97989019957721,101.60284183908746,2005-06
,,,,8994.610780123488,8414.472091599258,8130,6375,2322,1030,1055,7632,6319,1094,935,2163,102.72257904739345,109.54393075422276,2005-06
,,,,8475.555924493328,8444.203693246727,8227,6672,2312,903,1180,8208,6764,1263,965,2090,102.83652400521198,103.27279483020932,2005-06
,,,,8393.834701721118,8541.533622305413,8076,6785,2190,980,1117,8187,6674,1208,985,2187,104.16984761962927,102.41452774677893,2005-06
,,,,8181.658759036596,8327.1338231694,7387,6252,1980,849,1121,7517,6310,1034,874,2135,101.45220935568332,99.88911726525313,2005-06
,,,,8505.7115413634,8306.829161879783,7970,6443,2142,828,1130,7841,6638,996,858,2175,101.39661192292772,103.67506647171766,2005-06
,,,,8702.351652040257,8492.150640669457,8154,6607,2172,970,1097,7949,6547,1102,893,2123,103.36639740342152,106.03822265685957,2005-06
,,,,8781.018423118112,8415.020540868778,8191,6355,2310,858,1139,7874,6529,997,826,2223,102.55114533245116,107.0383147770634,2005-06
,,,,8523.393469850174,8651.114744342209,8020,6566,2115,929,1151,8105,6383,1151,832,2237,105.44762876189782,103.90485321172233,2005-06
,,,,8254.216446520773,8419.046865919778,7522,6340,1895,811,1126,7676,6474,1076,974,2072,102.51506474635667,100.44332870419828,2005-06
,,,,8382.027661739934,8254.353957630772,7691,6317,2187,822,1065,7579,6222,1117,787,2232,100.59622409106355,102.2429369818725,2005-06
,,,,8342.19583102999,8952.464837813432,7842,6206,2587,1034,1397,8367,6359,1105,883,2480,109.05607257370767,101.74795777498676,2005-06
,,,,8561.520451322513,8644.052792506563,7784,6167,2277,892,1183,7872,6327,1053,911,2285,105.31949052766778,104.34484200818245,2005-06
,,,,8394.680918747037,8234.023996875427,7699,6274,2158,898,1204,7544,6504,1064,968,2060,100.50090589363744,102.25087389368777,2005-06
,,,,8557.637592089804,8682.088814078055,8147,6546,2330,873,1112,8307,6699,1200,974,2111,105.7699163721186,104.31230954392973,2005-06
,,,,9020.584934979073,8495.402084241015,8886,7167,1475,778,1048,8431,7141,1170,1028,1956,103.52864321114392,109.8936433341578,2005-06
,,,,8121.794177355134,9016.677825053976,7285,6267,1944,886,1123,8060,6472,1019,1029,1971,109.9704744284537,98.98958605096095,2005-06
,,,,8581.087368938885,8441.717945670991,8106,6500,2173,852,1146,7980,6726,1156,953,1891,102.82127137600115,104.59192889916542,2005-06
,,,,8673.34481566235,8000.514770370046,7837,6342,1891,851,1087,7278,6420,1087,886,1912,97.53051346237342,105.76191221639829,2005-06
,,,,8873.593814020121,9211.241595655592,8411,6711,2104,1013,1150,8659,6596,1131,1003,2255,112.21844949586583,108.19732021569999,2005-06
,,,,8810.895302263174,9047.210716724981,8287,6639,2089,864,1023,8532,6448,1115,835,2267,110.4397396666615,107.38406356742637,2005-06
,,,,8358.369315736305,8608.471398848005,7573,6207,2466,1071,1211,7789,6077,1129,871,2466,104.97247993272272,101.89665287054429,2005-06
,,,,8544.887692787137,8216.457430927816,7558,6125,2077,834,1056,7255,6172,1148,927,1942,100.10376020354661,104.09206597547404,2005-06
,,,,8742.119492976251,8636.958313588824,8336,6656,2496,1035,1100,8184,6477,1276,964,2222,105.3732096597259,106.6088264332595,2005-06
,,,,8893.837848553025,8269.632229573645,7941,6558,1950,975,882,7394,6450,1091,951,1677,100.90230735219464,108.43916427693568,2005-06
,,,,8209.684340313566,8594.138191274607,7943,6843,2186,990,1115,8271,6410,1423,940,2283,104.72907950850393,100.16595542911332,2005-06
,,,,8278.210626206392,8717.838098932256,7680,6372,2203,976,1246,8070,6335,1196,948,2315,106.16186066091349,100.90234019854638,2006-07
,,,,8289.970087748168,8650.105291520687,7857,6454,2178,918,1285,8137,6337,1195,848,2376,105.27282700945993,100.99854485996205,2006-07
,,,,8463.811985755538,8171.981914927139,7934,6658,2133,1039,1127,7620,6337,1201,807,2096,99.56567414585196,103.24652678371582,2006-07
,,,,8431.267782710547,8588.44007660003,7833,6674,1941,1025,1119,7962,6579,1077,853,1839,104.59580460736505,102.76776296109702,2006-07
,,,,8451.94822053574,8018.803017608912,8100,6663,2083,984,1263,7689,6416,1365,897,2219,97.81994717799184,103.07284323256796,2006-07
,,,,8979.589726056316,8311.306124367298,8201,6442,2045,920,1075,7609,6241,1131,839,2216,101.34469182369831,109.39334115889447,2006-07
,,,,8631.645921410245,8486.582872644045,8639,6805,2449,1001,1322,8506,7088,1281,1006,1945,103.49442741032755,105.30793947993311,2006-07
,,,,8612.278359204181,8625.424826155124,8737,7048,2113,940,1286,8765,6871,1467,1074,2419,105.2428089083565,104.9650877251998,2006-07
,,,,8577.731237424332,8043.663247205666,7953,6528,1906,880,1115,7555,6503,1117,800,2000,98.11688311688312,104.62216048115934,2006-07
,,,,8463.420323324122,8501.740633349722,7843,6318,2245,888,1182,7881,6436,1075,843,2142,103.55457211634483,103.20008421274245,2006-07
,,,,8697.647468891873,8752.43908162563,8474,6664,2221,886,1233,8480,6719,1167,955,2320,106.64252119017078,106.08093898030104,2006-07
,,,,8487.017519314195,8450.635857841966,7759,6288,2019,817,1142,7834,6517,1116,921,2039,102.95485966913563,103.43457719666833,2006-07
,,,,8579.130254171188,8994.80863452076,8172,6714,1919,941,1194,8531,6673,1238,1062,2109,109.69581944615892,104.61686569304192,2006-07
,,,,8339.379089678861,8692.328892348041,7877,6503,1892,819,1232,8178,6689,1117,957,1987,105.88765395013516,101.65864788965062,2006-07
,,,,8559.012848785049,8556.707657941586,8001,6379,2153,822,1157,8064,6476,1135,867,2261,104.20166329837546,104.43370071998038,2006-07
,,,,8500.098238445937,8751.312282653395,7994,6356,2396,1032,1333,8228,6566,1093,885,2135,106.67150672855033,103.66685513613893,2006-07
,,,,8442.136942949657,8418.77829693063,7771,6090,2393,920,1334,7707,6191,1162,865,2327,102.5974855828368,102.83290017626229,2006-07
,,,,8241.759058993182,8513.405582666834,7840,6561,2125,990,1303,8040,6416,1228,915,2311,103.79765138448509,100.39697784607505,2006-07
,,,,8341.16574411562,8590.091892552555,7785,6408,2135,899,1207,8033,6570,1226,969,1926,104.67213242920656,101.69292264284036,2006-07
,,,,9193.219909721522,8524.340397697539,9037,6855,1827,737,1147,8438,7087,1198,1008,1901,104.00027608511309,111.99819553643134,2006-07
,,,,8418.29437560407,8854.425479134783,7717,6392,2006,923,1173,8069,6292,1089,850,2157,107.87317782697511,102.55640136936785,2006-07
,,,,8543.110688781057,8675.901367515165,8303,6532,2473,797,1153,8451,6671,1294,907,2115,105.78824825376161,104.09823322618014,2006-07
,,,,8813.98149241146,8043.76527195739,8079,6328,1980,761,1089,7388,6463,1131,829,1756,98.01476324154511,107.33074715697735,2006-07
,,,,8625.97028894373,8900.428306328648,8130,6628,1911,928,1189,8367,6568,1173,954,2124,108.35893265091511,105.17682125373875,2006-07
,,,,8675.007286843893,8503.685486419336,8157,6547,1982,755,1060,8076,6593,1193,848,1911,103.82010685397823,105.60480989321705,2006-07
,,,,8800.306427845397,8614.433569484767,8322,6471,2462,1030,1236,8087,6191,1202,813,2534,105.09476332560534,107.23839861448297,2006-07
,,,,8596.748164387765,9043.451716333211,8331,6448,2410,866,1292,8753,6761,1211,965,2113,110.2848531887228,104.99848759830611,2006-07
,,,,8784.092905793324,8908.414790184921,8556,6820,2425,998,1085,8598,6700,1242,973,2146,108.65334553229778,107.2987208427389,2006-07
,,,,8767.456632408028,8349.909772842857,7872,6484,1988,948,961,7531,6337,1143,973,2006,101.91294839802751,106.78647588351159,2006-07
,,,,8319.80467511262,8650.063843283117,7945,6643,2136,920,1173,8252,6450,1250,929,2404,105.40622014214256,101.39308612733286,2006-07
,,,,8584.359356192906,8732.194644797268,8054,6552,2227,1008,1170,8203,6733,1079,968,1943,106.54741184477822,104.68060328468862,2007-08
,,,,8905.949508167056,7943.018606774678,8245,6286,2176,830,1181,7404,6341,1256,899,2160,96.80456043093982,108.56626690052195,2007-08
,,,,8533.687325001556,8554.116751290063,7903,6697,2061,1092,1081,7932,6462,1052,814,2070,104.2203184947706,104.08490103834666,2007-08
,,,,8997.557077718238,8492.323084146446,8270,6796,1707,937,926,7837,6604,1089,815,1579,103.48934866547995,109.73875011942549,2007-08
,,,,8331.92349933546,8606.268459243021,7981,6861,2029,1050,1155,8234,6583,1201,914,2217,104.95215079255827,101.5554616758878,2007-08
,,,,8967.888668119389,8517.895737194493,8234,6515,2075,883,988,7862,6551,949,882,2168,103.83099662965272,109.30572149210143,2007-08
,,,,8842.305848498427,8538.993898547073,9074,7038,2519,918,1181,8770,7303,1282,1042,2028,103.96760288880564,107.90357411265542,2007-08
,,,,8982.866882734763,8809.965687004653,9105,7406,2044,1045,1063,8924,6998,1325,1053,2378,107.30707813071166,109.39091905192133,2007-08
,,,,8585.89573577767,8135.023928808237,7931,6698,1848,1002,1071,7547,6594,1061,894,1912,99.27284972403015,104.62895046516412,2007-08
,,,,8144.176652938144,8771.99941575771,7692,6445,2178,800,1128,8288,6670,1080,916,2096,106.85589925015213,99.49141931778792,2007-08
,,,,9099.280533286701,8487.527660626005,8904,6818,2270,898,1118,8309,7022,1124,988,1995,103.39978595783869,110.7903643241091,2007-08
,,,,8096.655475874879,8860.491332853231,7491,6336,1903,743,1151,8200,6477,1104,916,2105,108.01981241437453,98.8086507362834,2007-08
,,,,8432.335113941033,9066.301044848655,7956,6745,1980,1055,1172,8521,6562,1081,872,2141,110.4752471139784,102.88108415662337,2007-08
,,,,8306.991355939515,8990.532367511994,7839,6817,1693,964,1143,8395,6481,1064,871,2266,109.43757300183546,101.26703285914336,2007-08
,,,,8369.924286142852,8800.719290514913,7857,6450,2237,913,1178,8272,6543,1050,896,2311,107.23582547732387,102.04850323666628,2007-08
,,,,8376.88133330178,9021.567101743252,7948,6757,2095,1029,1132,8490,6711,1012,924,2078,110.06933460559137,102.1357526536277,2007-08
,,,,9002.302852146791,8479.750466881895,8567,6446,2288,768,1134,8119,6855,1043,900,1975,103.20325409940257,109.57036445863262,2007-08
,,,,8535.706519216435,8654.989796223032,8527,6993,2042,904,1207,8642,6817,1233,929,2443,105.44270807914181,104.05785357948278,2007-08
,,,,8515.471502007824,8556.701290109117,7923,6648,2137,1067,1112,7889,6504,1226,923,1726,104.26303519224363,103.79548503395657,2007-08
,,,,9172.074449094456,8655.782277919316,9026,6782,1977,720,1139,8612,7384,1051,1101,1879,105.52938696886073,111.83414943599708,2007-08
,,,,8610.937088073571,8687.983947786186,7820,6546,1841,901,995,7900,6616,991,957,1828,105.9788149690381,104.96587937782883,2007-08
,,,,8638.349269619455,8847.256976841043,8408,6558,2272,829,1258,8593,6732,1204,970,2287,107.78597841520869,105.27528334677237,2007-08
,,,,8647.202927010489,8212.306706002655,7820,6424,1774,771,981,7427,6431,1009,776,1710,100.1429264872445,105.46815994475733,2007-08
,,,,8065.154673233887,8806.873281215898,7999,7032,1866,971,1250,8717,7136,1033,961,2048,107.49625113452507,98.3640021446033,2007-08
,,,,8894.490655823049,8595.096382821974,8215,6726,1658,790,918,7977,6569,1092,830,1732,105.0561827348059,108.32700381880709,2007-08
,,,,9135.59631200512,8582.271643654423,8710,6592,2298,942,1169,8146,6286,1262,844,2468,104.57103538932364,111.23712024847639,2007-08
,,,,8434.959631150046,9005.482041876936,8257,6737,2097,848,1211,8766,7076,1055,932,1791,109.75279953524709,102.92071975948187,2007-08
,,,,8755.75119676096,8815.000834334152,8104,6695,1991,1007,1032,8131,6537,1102,900,1880,107.46477756337394,106.68716857731133,2007-08
,,,,8906.848095759467,8267.48836143089,7992,6551,1965,974,910,7386,6239,1047,865,2047,100.87848690464483,108.71102889166984,2007-08
,,,,8440.697821396048,8818.29862750876,7959,6554,2115,892,1135,8318,6684,1132,999,2102,107.44160333149055,102.99446141104612,2007-08
,,,,8802.171034990562,8653.355205782998,8046,6451,2085,870,1000,7917,6609,1057,955,1800,105.51779288284686,107.30289128347381,2008-09
,,,,8917.545375013859,8210.192867352082,8275,6333,2075,869,1230,7659,6418,1136,834,2110,100.1385910778725,108.78138556592612,2008-09
,,,,9068.382381667907,8193.880710549105,8223,6454,2012,886,982,7491,6444,1096,878,1895,99.93596413991837,110.59435555890295,2008-09
,,,,8792.837452472078,8614.66559981536,7857,6366,1833,802,960,7730,6329,1029,822,1879,104.98780348673596,107.18202801438369,2008-09
,,,,8689.263530472424,8741.063880849542,8378,6846,2052,970,1137,8401,6864,1125,1017,2077,106.53218157009745,105.83788536460888,2008-09
,,,,8912.425094416949,8696.476354057404,8343,6770,1852,909,1001,8181,6752,1015,884,1907,105.94295837390962,108.67696251602214,2008-09
,,,,8850.13548863839,8577.958902952232,8555,6510,2487,905,1226,8275,6738,1206,991,2228,104.30689799478655,107.9457129590374,2008-09
,,,,8772.13964472584,9062.316656422116,8905,7055,2392,953,1166,9212,7273,1191,1165,2346,110.57177563003827,107.02507547641483,2008-09
,,,,8721.28818411427,8355.664847508555,8070,6526,1903,862,1093,7742,6735,975,873,1730,101.89255349951303,106.26362860664287,2008-09
,,,,8213.31515804368,8982.003906757995,7799,6696,1839,890,1165,8518,6805,1047,962,2035,109.40992113443112,100.24215440299429,2008-09
,,,,9029.941749420099,8411.565253693987,8768,6981,2087,1015,1076,8140,6825,1215,959,1931,102.63988782746412,110.14687925550356,2008-09
,,,,8658.566163217869,8642.82066345099,8061,6646,1871,828,979,8040,6412,1198,896,2086,105.34812050567098,105.78406979307739,2008-09
,,,,8549.27204090218,8676.430332722794,8142,6755,2067,973,1117,8231,6233,1286,831,2480,105.80779514603043,104.27125381636375,2008-09
,,,,8478.781491138578,8990.530882673034,8019,6766,1957,975,1106,8422,6561,996,813,2145,109.55019641509926,103.36320326678766,2008-09
,,,,8716.336921052643,8937.203461467565,8044,6536,1980,850,1015,8244,6385,1052,872,2281,108.92313546423136,106.23068593011277,2008-09
,,,,8675.307055788007,8948.567300475223,8627,7091,1900,911,1140,8841,7041,1140,954,1998,109.06574292016401,105.77488965179009,2008-09
,,,,8823.6121970058,8178.074989548537,8286,6416,2253,819,1107,7737,6785,1022,864,1882,99.56145091801912,107.67583414334946,2008-09
,,,,8693.150861694747,8799.731324892844,8617,7080,1890,924,1146,8708,6862,1097,909,2431,107.24613406505708,105.94324776236844,2008-09
,,,,8656.454049047134,8667.849564692999,7987,6532,2216,1039,1107,7981,6489,1218,935,1792,105.562080714452,105.43838712402838,2008-09
,,,,9141.965033162776,8976.60627527176,8974,6695,2251,900,1263,8816,7025,1107,993,2108,109.29124331186186,111.49986829745887,2008-09
,,,,9156.265104088316,8628.379693018473,8153,6494,1988,1060,994,7715,6302,1039,786,1780,105.13477419530675,111.64333289514045,2008-09
,,,,8473.363667789828,9241.829041408484,8248,6685,2107,840,1213,8966,6792,1125,1018,2412,112.63422894672046,103.29264077504546,2008-09
,,,,8772.910985456963,8408.503976947533,7958,6534,1641,728,913,7650,6568,924,745,1635,102.45901639344262,106.94741595260878,2008-09
,,,,8258.322158179457,8802.965916937326,7952,6716,2069,999,1272,8452,6799,1109,884,1930,107.35152161763958,100.66638309939032,2008-09
,,,,8605.431039476263,8837.702407254896,8121,6673,1861,802,1054,8352,6827,1045,895,1759,107.7543942943842,104.87045186884026,2008-09
,,,,8839.901609184175,8630.503026142957,8492,6623,2352,940,1169,8275,6509,1283,908,2233,105.19263918479835,107.67248899438053,2008-09
,,,,8372.645214614584,8821.406782025651,7698,6311,2077,847,1164,8146,6378,1141,842,2043,107.52489466625835,102.07004089166098,2008-09
,,,,8430.19113133724,9172.354693778183,7877,6655,1948,956,1108,8489,6565,1098,934,1959,111.83038772434581,102.77761830451506,2008-09
,,,,8630.174685060885,8690.546780093035,7727,6559,1849,949,921,7767,6380,919,861,2039,105.88726080958016,105.20711928284337,2008-09
,,,,8396.502443961706,8547.44764759155,7677,6299,1965,886,1221,7781,6349,1154,877,1928,104.10311573494312,102.37911076734324,2008-09
,,,,8977.640179396778,8607.63847228287,8338,6801,1914,969,941,7956,6623,1069,922,1852,104.89289217495862,109.49211835338981,2009-10
,,,,8726.830519494528,8350.443156461424,8136,6294,2090,716,1152,7836,6390,1228,868,2152,101.80748563054122,106.35850240535453,2009-10
,,,,9011.545014392454,8392.605725962147,8373,6391,2180,791,1069,7838,6633,991,794,1907,102.20261100418824,109.76377126976219,2009-10
,,,,8680.40060298473,8865.890436757923,8220,6842,1661,852,1049,8422,6730,1128,870,1841,108.00149781227077,105.79368429723134,2009-10
,,,,8329.300220916964,8477.339617124393,7993,6825,1962,937,1121,8127,6885,1037,916,1958,103.29811681444724,101.53348204078107,2009-10
,,,,8834.385282837093,8544.850048270568,8364,6760,1870,834,1015,8141,6805,1127,922,1849,104.05748789553606,107.73075040572917,2009-10
,,,,8943.38147133958,8666.788487259802,8729,6678,2508,889,1108,8394,6766,1170,955,2207,105.55728815605477,109.10540814847035,2009-10
,,,,8684.772026185761,9021.022764602922,8922,7094,2085,753,1172,9217,7033,1401,1100,2390,109.91461553138714,105.83127728221675,2009-10
,,,,8635.604858935332,8708.290098822736,8395,6923,2022,971,1132,8425,6810,1163,875,1917,106.0885376529312,105.28388397828857,2009-10
,,,,8348.065522619101,8848.403685647934,7849,6601,1867,927,1224,8370,6792,1013,879,1910,107.77194066749074,101.67783322192687,2009-10
,,,,8722.525190080712,8373.630865609439,8339,6875,1985,973,1066,7952,6840,1097,914,1776,101.89071861658235,106.34580559593951,2009-10
,,,,8655.484949697959,8347.025590953746,7914,6518,1931,875,1011,7727,6408,1125,856,2091,101.71066625949052,105.4688124696814,2009-10
,,,,8422.999992452673,8332.730937063474,8009,6998,1675,965,1040,7870,6361,1202,790,2211,101.60292492486289,102.54801536491678,2009-10
,,,,8164.472049369804,9019.270004950107,8051,6923,1926,962,1280,8838,6961,1118,917,1981,110.01239786696941,99.53711716968908,2009-10
,,,,8121.77374169252,8927.036670274643,7575,6554,2015,897,1108,8323,6593,1093,925,2021,108.79397247668048,98.99890219039155,2009-10
,,,,8681.406889513579,8990.97665700097,8373,6876,1759,836,1101,8686,6902,1144,959,1896,109.65454903525206,105.78701597986598,2009-10
,,,,9025.077643860819,8296.609667297289,8426,6394,2176,810,1117,7812,6739,986,800,1830,101.0581873690202,110.02240665200745,2009-10
,,,,8372.981568844745,8614.031404456697,8263,6823,2019,785,1168,8510,6875,1161,969,2346,105.07158696371512,102.08342599044272,2009-10
,,,,8535.556642735324,8911.135662735627,8014,6706,1808,941,1135,8334,6573,1119,888,1983,108.56481843335261,104.13851175749006,2009-10
,,,,9309.802426394494,8818.29439903846,9039,6788,2117,910,1157,8637,7165,1022,1081,2114,107.4767052920798,113.46290959118708,2009-10
,,,,8954.20433141015,8592.196888889452,8045,6453,2033,913,945,7774,6352,1051,801,1870,104.70315698739361,109.01793070552013,2009-10
,,,,8461.276703713282,8850.386217074001,8200,6895,1969,977,1165,8558,6828,1081,909,2149,107.70795261756253,103.15295822556784,2009-10
,,,,8847.368692956497,8409.76748709615,8312,6659,1969,887,1062,7895,6691,989,814,1896,102.52927181490448,107.94300526209163,2009-10
,,,,8747.316871819414,8393.174667972842,8322,6629,2210,960,1164,8036,6718,1183,937,2018,102.34439474676257,106.61849488815436,2009-10
,,,,8970.224934802964,9097.503307806877,8534,6631,2118,806,1057,8680,6824,984,933,2146,111.00823097896982,109.21534901816246,2009-10
,,,,8904.824598067245,8507.377367534806,8547,6575,2233,872,1196,8109,6471,1181,837,2286,103.68451470686013,108.44354896009906,2009-10
,,,,8662.824410226125,8877.850522182429,8404,6875,2202,1070,1187,8528,6849,1127,907,1858,108.13387907467425,105.56621880998081,2009-10
,,,,8376.540930047964,8836.470612078838,7892,6700,1895,966,1158,8284,6664,1048,935,2088,107.64424901113867,102.15123352921381,2009-10
,,,,8475.683491106889,9003.243656108845,7709,6602,1998,1053,1036,8128,6172,1121,814,2124,109.63693556132277,103.28076183126744,2009-10
,,,,8396.909269887808,8299.195948465875,7813,6306,2180,858,1220,7693,6536,1197,868,1710,100.99246462047418,102.43601846024752,2009-10
,,,,8543.537091461296,8642.990165602736,7790,6429,1728,762,1048,7857,6537,976,839,1782,105.34882972561303,104.2095856765998,2010-11
,,,,8620.10223724018,8099.491346663309,7913,6219,1895,639,1115,7473,6371,1193,862,1975,98.70558710870426,105.10307087450855,2010-11
,,,,8195.882643250208,9004.2824765812,7827,6647,2075,856,1125,8566,6804,1068,894,1894,109.66080170418466,99.97445395325073,2010-11
,,,,8597.448430496723,8482.753348936587,7784,6416,1897,824,1001,7711,6306,1125,769,1805,103.41729030873634,104.79719104754109,2010-11
,,,,8725.787145112849,8044.122598704314,8087,6587,2008,967,1104,7487,6523,1098,828,1898,98.15000288406578,106.30271100174564,2010-11
,,,,8864.597404138465,8449.24869165919,8220,6463,1850,780,1107,7873,6656,1068,880,1830,102.9257961616901,108.10099947396107,2010-11
,,,,9006.576566278292,8660.213240510608,8811,6613,2429,791,1130,8421,6876,1077,864,2036,105.46235115543955,109.85243293652971,2010-11
,,,,8692.78087310604,8898.435172046331,8477,7047,1695,955,1157,8668,6788,1257,1051,2262,108.49538381431117,106.03142042327514,2010-11
,,,,8929.06566719907,8745.152530661533,8685,6975,2083,962,1048,8506,6979,1092,955,1954,106.64814387594411,108.86842026093322,2010-11
,,,,8423.883655250816,8802.70558685067,8089,6594,2187,955,1273,8346,6688,1063,914,2167,107.13075445928878,102.72685248683054,2010-11
,,,,8896.626257894844,8360.719227185435,8321,6757,1979,989,1031,7820,6888,1071,1002,1628,101.91155849097913,108.49100884512683,2010-11
,,,,9028.21830055903,8326.150724141207,8369,6301,2288,790,1084,7757,6614,1018,864,1980,101.54204628756936,110.09350515409672,2010-11
,,,,8203.463859987009,8255.014094421229,7534,6544,1881,862,1026,7603,6342,1200,836,1946,100.53899373730535,99.97823675228648,2010-11
,,,,8333.034773800206,8937.683977115841,8288,7014,1977,1085,1356,8832,6902,1133,913,2227,109.01173554779879,101.6323967979909,2010-11
,,,,8307.538395966309,8840.405422344716,7722,6638,1881,909,1069,8234,6602,964,849,2115,107.66776505047335,101.26363164272114,2010-11
,,,,8923.866668871258,8860.853924081126,8734,6867,2087,847,1094,8670,6870,1173,964,2165,107.94860301807859,108.73624923433943,2010-11
,,,,8718.674415333311,8222.330061301607,8135,6411,2101,864,1180,7687,6569,1058,805,1940,100.14852259106779,106.31985613165625,2010-11
,,,,8418.303094199526,8537.455031573129,8183,6787,2035,914,1210,8271,6837,1098,931,2157,103.99744501501306,102.56442394465056,2010-11
,,,,8606.584466802928,8481.632890776644,8119,6776,1851,850,1001,7996,6638,1109,881,1987,103.3037564532549,104.87712880291005,2010-11
,,,,8834.286382002862,8866.87986374708,8611,6844,1939,821,1116,8684,7018,1131,985,1964,108.16924426020408,107.74308822646194,2010-11
,,,,8730.616287385994,8605.328565707925,7896,6599,1835,996,1018,7771,6218,1236,868,1869,104.89501050164948,106.29476064832267,2010-11
,,,,8296.114678629947,8777.810974766478,8151,6979,1981,1071,1282,8589,6826,1154,868,2085,106.96938750093408,101.10845932093223,2010-11
,,,,9022.432164091882,8465.135543201188,8502,6628,1984,829,1054,8034,6860,1062,884,1698,103.19686787101547,110.04457698460774,2010-11
,,,,8977.08293793817,8600.508879759953,8596,6609,2401,903,1104,8285,6823,1093,932,2093,104.8081448009594,109.27433502321253,2010-11
,,,,8530.31569957348,9065.376787018164,8124,6755,1976,963,1152,8639,6668,1097,912,2175,110.6145966709347,103.97468976532743,2010-11
,,,,8666.796001475788,8871.358211077018,8153,6590,2061,898,1112,8303,6460,1143,925,2285,108.06413827211912,105.73426500874093,2010-11
,,,,8619.521340061727,8485.47918975333,8195,6801,1981,970,1101,8003,6489,1302,905,1948,103.35626982405024,105.0150955195268,2010-11
,,,,8216.75798861702,8860.794114215068,7977,6888,1999,1013,1209,8584,6741,1229,994,2202,108.04442609580008,100.16876874161808,2010-11
,,,,8647.823124726427,9000.254570391564,7951,6647,1854,931,1001,8246,6405,1115,866,1962,109.69393184768958,105.55228097005613,2010-11
,,,,8346.247466110279,8673.398806766761,7650,6365,1999,848,1123,7978,6492,1028,804,1908,105.59167337258057,101.73467596508307,2010-11
,,,,6809.195899069651,6562.752341977333,6375,5348,1385,652,875,6148,5366,952,712,1324,99.34459712760318,103.14866351692447,2011-12
,,,,6585.856888501136,6373.849102234508,6062,5086,1308,509,929,5896,5262,969,781,1498,96.51144518359436,99.67902761151817,2011-12
,,,,6531.429805837022,7046.591043767175,6140,5360,1645,841,965,6615,5431,882,752,1464,106.60482566122388,98.90782563871258,2011-12
,,,,6558.084356379933,6794.807425828095,5916,5103,1397,724,965,6164,5188,874,731,1487,102.98599230111206,99.28373398135157,2011-12
,,,,6948.5109534163585,6328.892480195096,6359,5462,1394,915,887,5819,5420,828,750,1279,96.0110613190425,105.15332310297387,2011-12
,,,,6707.959000088067,6633.638663024032,6322,5412,1334,665,893,6259,5390,922,725,1456,100.50356154177184,101.52626642856225,2011-12
,,,,7063.790479614111,6881.892845201783,6872,5404,1760,738,987,6682,5569,986,730,1356,104.05441600588011,106.9172604785761,2011-12
,,,,6833.015659511276,7037.014978070173,6453,5443,1235,640,887,6678,5431,946,869,1725,106.55816179990425,103.52295697372222,2011-12
,,,,6836.558124547897,6790.809194367653,6474,5543,1301,769,913,6459,5427,929,729,1490,102.80775475121764,103.42778267704459,2011-12
,,,,7015.365050712479,6844.685114794501,6438,5366,1538,800,816,6269,5098,927,712,1678,103.59723167837761,106.26006813320305,2011-12
,,,,6865.82818938071,6743.434517989551,6422,5319,1589,799,960,6328,5703,722,758,1215,102.03818369453043,103.92998401077169,2011-12
,,,,6929.010717276727,6482.436775181517,6500,5212,1598,686,971,6105,5267,1043,727,1457,98.08678551689567,104.83668058037587,2011-12
,,,,6793.633443876937,6794.285787130258,6535,5652,1415,820,903,6517,5453,1019,813,1535,102.8826723920182,102.79036114256952,2011-12
,,,,6737.654646431085,6859.43838434892,6464,5434,1662,797,970,6609,5656,851,771,1402,104.03155734092255,101.98350341102002,2011-12
,,,,6644.255119041931,7108.907097537188,6144,5320,1433,783,943,6539,5294,911,780,1494,107.5076121768524,100.54790754305688,2011-12
,,,,6760.887745545375,6560.952738092973,6458,5335,1634,743,1009,6247,5238,1068,717,1590,99.33848551346881,102.18419103918379,2011-12
,,,,6818.609775392154,6750.44852669548,6215,5162,1508,742,929,6163,5287,839,667,1302,102.17378329807622,103.3676395255234,2011-12
,,,,6897.848164047189,6673.003792041407,6449,5375,1724,826,873,6231,5304,948,794,1617,100.99716669800372,104.34329575313564,2011-12
,,,,6751.3487902421575,6430.154420640672,6180,5516,1198,704,707,5900,5302,872,706,1352,97.31348797931017,102.21431265009626,2011-12
,,,,6879.4510373709945,6886.680786233335,6492,5445,1397,717,892,6508,5510,892,802,1444,104.3724821020759,104.12723668255627,2011-12
,,,,6816.486491955989,6907.695504317861,6415,5417,1423,735,911,6456,5349,933,730,1421,104.51269498999554,103.14964174995819,2011-12
,,,,6704.599108976205,7089.58076378767,6518,5712,1532,882,913,6893,5609,976,815,1468,107.43587825284604,101.57267791581218,2011-12
,,,,7191.390850175394,6685.1230586794645,6841,5463,1427,683,871,6368,5560,869,680,1233,101.21560449621076,108.95255204749891,2011-12
,,,,7097.322455866575,6640.078299256867,6802,5229,1744,726,1054,6398,5629,894,835,1519,100.65509190794732,107.55238474723134,2011-12
,,,,6549.175250427464,6752.468199156081,5986,5154,1410,697,957,6204,5130,830,677,1795,102.16045316822553,99.1979318573512,2011-12
,,,,6895.288567260083,6887.4414951641775,6577,5531,1668,861,896,6536,5310,932,728,1727,104.17795686242006,104.39815108763285,2011-12
,,,,6709.264042821679,6589.257925059615,6269,5422,1504,831,920,6136,5132,1078,729,1522,99.76132720284586,101.55910808131209,2011-12
,,,,6506.609787267948,6903.563712900558,6180,5475,1386,775,961,6497,5352,960,811,1618,104.5724071773015,98.55139024436917,2011-12
,,,,6534.41311247624,6927.5537855208195,5997,5232,1461,775,965,6313,5147,908,703,1518,104.8685032359234,98.88142143898273,2011-12
,,,,6151.020314328187,7156.425068644193,5739,5293,1462,677,898,6657,5411,860,778,1486,108.29954903657814,93.2067406387236,2011-12
,,,,8482.684461369394,8413.907046026345,8032,6644,1619,758,1169,7999,6823,1194,928,1617,102.54497159149182,103.40707782309562,2012-13
,,,,8259.319733013725,8222.406608179386,7818,6459,1698,654,1126,7836,6639,1168,925,1937,101.31518383094482,101.82180012815635,2012-13
,,,,8327.488573264847,8818.712650018573,7913,6901,1826,1004,1100,8297,6527,1207,889,1987,107.48411768973271,101.44299552332944,2012-13
,,,,8504.242374728603,8883.58847497972,7714,6589,1636,988,1123,8031,6435,1044,835,1764,108.23216750043126,103.62930960364542,2012-13
,,,,8297.156228964004,8285.59505220743,7641,6698,1738,1026,1120,7615,6565,1072,901,1826,101.00219644960367,101.11529870102373,2012-13
,,,,8550.894969248537,8583.657873719725,8293,6892,1669,767,1107,8342,6890,1149,985,2079,104.68379020073387,104.10024151557298,2012-13
,,,,8888.248136487107,8433.77990500732,8704,6983,2148,1092,1205,8287,7025,1245,1020,1858,102.72053865376225,108.24362775334778,2012-13
,,,,8589.708028610681,8462.839796974971,8296,6840,1744,885,1210,8223,6954,1061,907,1958,103.1806181551712,104.58425991760333,2012-13
,,,,8817.49429654392,8527.930186389303,8688,6782,2087,909,1298,8403,7007,1165,876,1771,104.05882673456145,107.40140037185014,2012-13
,,,,8911.140144862382,8348.20287992818,8289,6608,1888,938,1132,7760,6397,1262,891,1956,101.72193208750184,108.5982454485426,2012-13
,,,,8703.007839736827,8553.372339970112,8381,6640,2289,942,1201,8286,7180,1015,947,1594,104.23480632403111,106.005949791049,2012-13
,,,,9121.410605713238,8322.222865309157,8436,6348,1887,676,1088,7791,6633,1206,921,1735,101.42682323534773,111.14214495380934,2012-13
,,,,8316.83689580415,8460.400684343025,8108,7197,1700,1068,1117,8231,6946,1253,1019,1841,103.01575461449504,101.42606955216412,2012-13
,,,,8275.116029397028,8502.910533426339,7851,6702,2042,973,1159,8045,6657,1258,871,1652,103.5275284137704,100.82861575448727,2012-13
,,,,8697.85799744406,8549.694296655993,7944,6544,1958,1047,1140,7798,6614,1062,878,1571,104.12271472138696,105.94090567205261,2012-13
,,,,8965.044982117342,8539.3251368749,8196,6689,1729,890,948,7849,6365,1192,824,1821,104.17772728238018,109.16704849382505,2012-13
,,,,8155.468607737508,8794.976350843168,7718,6904,1359,890,1147,8291,6842,989,888,1811,107.1210774382933,99.47209419819153,2012-13
,,,,8285.015940807401,7876.000826130601,7674,6525,1915,1043,1178,7348,6657,1055,909,1728,97.15310207686572,102.28454135899554,2012-13
,,,,8211.773174586091,8501.566909407858,7640,6895,1377,896,1030,7914,6643,1130,903,1752,103.57445739234225,100.06706064797352,2012-13
,,,,8115.320152635102,8724.242274663571,7805,6917,1618,959,1225,8335,6771,1210,958,1855,106.32462496173078,98.86103975721096,2012-13
,,,,8463.083041335332,8814.240464524906,7995,6715,1680,874,1165,8255,6807,1039,901,1690,107.36675077387301,103.2252233641481,2012-13
,,,,8493.700112986522,8968.923394633875,8219,6904,1869,943,1152,8619,6831,1160,973,1980,109.25062110226638,103.57438099846762,2012-13
,,,,8748.746144648256,8187.701562180139,8448,6675,1725,666,1159,7923,6960,1171,912,1639,99.78388344819248,106.57247382364072,2012-13
,,,,9106.122840176653,8190.639465935069,8669,6504,2196,854,1201,7914,6972,1165,987,1773,99.79672438752502,110.89591722909877,2012-13
,,,,8496.556372510693,8625.542431441138,7971,6685,1831,871,1084,8092,6493,1127,877,2148,105.25329989646363,103.47056716045923,2012-13
,,,,8550.611859597477,8606.507951352412,8038,6710,1883,989,1164,8045,6550,1158,901,1953,104.93952770038298,104.20663977016977,2012-13
,,,,8417.118531827024,8063.699607035326,7659,6679,1746,1059,1079,7319,6312,1207,845,1763,98.2453031791799,102.56801709868706,2012-13
,,,,8065.436242810454,8304.304879562947,7644,6693,1746,887,1199,7852,6697,1142,903,1867,101.21843691508067,98.33737283294997,2012-13
,,,,8327.677036881345,8736.206464519157,7778,6638,1870,991,1194,8105,6655,1074,911,1823,106.36315438602016,101.49012239359065,2012-13
,,,,8147.6588434826235,8988.84128708768,7661,6649,2060,917,1074,8418,6762,1114,971,1784,109.46740945336518,99.33354079145273,2012-13
,,,,8544.109492476875,8594.75439434192,8282,6688,1782,713,1189,8321,6843,1193,882,1793,104.75996233123335,104.20126621775321,2013-14
,,,,8268.00383589695,8683.476193346618,7892,6883,1706,980,1182,8258,6675,1124,871,1993,105.8050562978224,100.71927755741714,2013-14
,,,,8377.61465081302,8657.314349505146,8054,6955,1861,989,1105,8324,6847,1095,841,1803,105.44290071849127,102.08065055818622,2013-14
,,,,8664.43180750039,8845.505580526089,8177,6761,1936,933,1065,8399,6567,1145,881,2176,107.83931056796996,105.57997324670362,2013-14
,,,,8268.000605200416,8082.374236747718,7680,6577,1908,937,1148,7528,6660,1125,876,1668,98.49638619794528,100.68803490518543,2013-14
,,,,8978.971618808648,8744.209744409076,8597,6858,1733,840,1082,8400,6673,1259,943,2019,106.6347101059238,109.34153426636752,2013-14
,,,,8519.63161923832,8680.532997279883,8559,7042,2154,1009,1260,8735,7086,1142,930,2168,105.85415273051605,103.86177973876195,2013-14
,,,,8660.902095893434,8241.872906373274,8549,7005,1731,896,1225,8155,6920,1185,878,2023,100.46666798076164,105.60005138568415,2013-14
,,,,8973.645059398614,8518.189884355825,8829,6603,2549,920,1264,8455,7218,1096,977,1844,103.76321124741665,109.42473006335703,2013-14
,,,,9031.167930239526,8445.54634789455,8850,6761,2384,858,1092,8278,6958,1203,1011,2049,102.81237424797183,110.02043769486671,2013-14
,,,,8398.460180634484,8897.888435332532,8442,6980,1835,745,1213,8958,7350,1110,1068,1942,108.6281661993966,102.26033868740461,2013-14
,,,,9003.08671031818,8539.558840486296,8380,6272,1884,627,1166,7990,6475,1277,886,1832,104.1438566855403,109.68643814889084,2013-14
,,,,8281.427474428903,8989.447752557695,7829,6737,1843,971,1172,8500,6722,1112,961,2011,109.56658038835552,101.03343433665594,2013-14
,,,,8702.140163336955,8575.873292841849,8768,7175,2301,1024,1105,8549,7048,1310,908,1645,104.59027624850131,106.04176845934661,2013-14
,,,,8612.41663797544,8686.505228682367,8079,6391,2002,721,1144,8161,6511,1234,921,2026,105.77491367958275,104.99189071174601,2013-14
,,,,8714.61639802907,8804.344972671588,8084,6739,1670,870,1017,8149,6401,1135,843,2050,107.29427254772877,106.0781020365316,2013-14
,,,,8196.433568464234,8642.665905204229,7914,6784,1714,794,1165,8360,6861,1108,859,1881,105.32097701583847,100.061194867723,2013-14
,,,,8381.323225949536,7980.714500415944,7933,6573,1907,834,1185,7572,6785,1085,855,1768,97.16511910811352,102.18882196241698,2013-14
,,,,7975.753920257023,8879.3575733404,8155,7150,1918,949,1348,9012,6975,1332,976,2261,108.24133060447954,97.1652297412581,2013-14
,,,,8833.36471030519,8581.34316127224,8629,6845,2004,928,1216,8413,6840,1205,926,2115,104.51451003776585,107.66386017797164,2013-14
,,,,8917.643424124853,8626.094420014128,8753,7134,1926,1022,1094,8426,7203,950,944,1822,105.18457858758556,108.68647435133309,2013-14
,,,,8486.31200096383,8767.164140757535,8241,6766,2237,990,1203,8479,6734,1084,813,2139,106.7056288823784,103.48750766016013,2013-14
,,,,8906.960068912103,8263.383989204105,8639,6844,1642,762,1153,8006,6976,1089,862,1691,100.7419114538243,108.56452042606453,2013-14
,,,,8916.7624037442,8345.813356142942,8705,6782,2052,887,1217,8185,6842,1187,900,2080,101.7503294298998,108.61048449883218,2013-14
,,,,8762.399084442086,8459.023566205418,8305,6718,2055,935,1099,8039,6573,1169,854,2071,103.07414568598992,106.66307056073565,2013-14
,,,,8318.242011220893,8992.881819202217,7791,6652,1803,904,1145,8379,6639,999,846,1945,109.56091948011193,101.36190010304021,2013-14
,,,,8550.067479213869,8432.153641140905,7884,6723,1666,950,1060,7755,6500,1119,809,1686,102.69020530095976,104.2024625828042,2013-14
,,,,8524.432991880567,8464.53314613052,8254,6920,1715,886,1155,8150,6632,1263,827,1912,103.04351344243723,103.90754821491515,2013-14
,,,,8499.356998854199,8860.979019141221,8286,7124,2111,1196,1143,8586,6820,1184,913,1967,107.9120415057915,103.57707154143083,2013-14
,,,,8369.830667963133,8354.005440960713,7942,6730,2000,776,954,7960,6838,1047,785,1649,101.7179601204259,101.9774011299435,2013-14
,,,,8800.53853210749,8315.583193698376,8409,6699,1735,715,1103,7964,6815,1263,948,1651,101.36906792389428,107.11556099052278,2014-15
,,,,8392.900294198447,8423.867954866098,8312,7211,1678,910,1088,8299,6943,1195,893,1909,102.64738477370328,102.272335776123,2014-15
,,,,8896.334267085544,8599.848620101917,8457,6739,1934,911,1118,8090,6850,1042,885,1629,104.74173200617315,108.46535059818187,2014-15
,,,,8712.484084926637,8639.306316946893,8147,6795,1790,942,1033,8082,6814,967,870,1751,105.21464725363994,106.16920350291909,2014-15
,,,,8667.382298501145,8362.959845981215,8265,6797,2067,959,1080,8019,7109,957,963,1723,102.00836522022306,105.58953839549893,2014-15
,,,,8837.602236329409,8578.729505451103,8628,7036,1843,858,1029,8390,6930,1272,1006,1879,104.5774770777139,107.60895593869732,2014-15
,,,,8369.611839689152,8711.533864875913,8320,7158,1991,1012,1133,8611,6909,1122,899,2208,106.26246371947005,102.02279817143753,2014-15
,,,,9027.678283090469,8109.881443215586,9016,7137,1709,853,1156,8188,7084,1274,963,2011,98.89079982221878,110.05913114810132,2014-15
,,,,8614.361687531218,8312.50833060108,8522,6832,2133,958,1307,8240,6983,1272,973,1932,101.32708974825628,104.95694326758232,2014-15
,,,,9062.309282860939,8513.611106313165,8751,6830,2067,784,967,8211,6745,1113,868,2105,103.72400899421439,110.4578364350557,2014-15
,,,,8317.210395790129,8920.315480280102,8073,7020,1935,952,1035,8634,6817,1018,824,2118,108.70057862851445,101.49099869254752,2014-15
,,,,8405.749047740906,8598.853363316857,7764,6330,1940,747,1139,7977,6523,1154,894,1905,104.66855613289245,102.48693172817994,2014-15
,,,,8312.822936758572,8213.719448864485,8023,6722,1734,876,1309,7988,6681,1361,938,1993,100.08871157711141,101.32660432737727,2014-15
,,,,8249.472895666706,9040.654840053185,8016,6820,2110,949,1172,8737,6933,1201,953,1704,110.16598661414542,100.55950021326242,2014-15
,,,,8401.870200579522,8684.039391780743,8038,6804,1817,846,1098,8274,6913,1070,937,1748,105.87169486840892,102.32347354967489,2014-15
,,,,8053.005214928927,8858.050225187802,7535,6726,1575,867,1129,8299,6592,1099,898,2032,107.96036986736186,98.09920583257389,2014-15
,,,,8221.076179532361,8678.99958008918,7847,6792,1565,822,1175,8316,6720,1140,825,1878,105.78376150570134,100.17105800653594,2014-15
,,,,8344.179272752957,8337.318393001098,7981,6824,1817,856,1093,7958,6784,996,800,1951,101.5253035042687,101.53323970037454,2014-15
,,,,7694.1175456026685,8445.89583720391,7542,6777,1953,978,1386,8278,6785,1306,940,2023,102.94585828839763,93.7555940091891,2014-15
,,,,8491.163444680731,8531.634799182399,8397,7038,1767,896,1192,8471,6972,1226,951,2030,104.06378221665314,103.51994950366641,2014-15
,,,,8697.906856565689,8365.387455204987,8429,7049,1589,879,1087,8082,7123,953,902,1713,101.9460828586277,105.94306801270965,2014-15
,,,,8462.767093037664,8780.639624731251,8310,6617,2400,895,1280,8614,7094,1027,898,1898,106.89838324571984,103.12732688011914,2014-15
,,,,8764.337761459557,8224.79055160917,8461,6854,1754,806,1104,7953,6861,1109,813,1754,100.30572245849288,106.78011449110018,2014-15
,,,,8615.758343507401,8514.202847269167,8524,7119,2020,1052,1150,8345,7008,1059,917,2005,103.89432534050447,105.15926867181525,2014-15
,,,,8939.819821622896,8667.193827209272,8527,6829,2014,881,1000,8275,6787,1128,922,1923,105.56031799487697,108.84383265085216,2014-15
,,,,8519.998053409634,8427.8131153289,7801,6492,1929,988,1166,7783,6587,1030,811,1760,102.67268218035989,103.7538104687475,2014-15
,,,,8494.684370200666,8260.65255194766,8062,6763,1869,856,1064,7796,6684,1198,864,1651,100.66576795739911,103.4470369648008,2014-15
,,,,8423.067349528166,8257.441182527524,8080,6790,1758,862,1179,8021,6844,1091,821,1942,100.65909684155574,102.5313050407841,2014-15
,,,,8462.779714504628,8611.625694004606,8077,7038,1838,1051,1037,8159,6817,1095,877,1699,104.83696881231883,103.11871227364186,2014-15
,,,,8077.618239510778,8343.549152857362,7721,6932,1867,820,916,7981,6863,987,728,1673,101.5637328012298,98.36320367718626,2014-15
,,,,8484.903662010185,8161.182679724104,8433,6923,1638,679,1191,8137,7058,1267,944,1810,99.50595543815884,103.39982245589599,2015-16
,,,,8541.391582018914,8334.286283288591,8669,7318,1929,950,1104,8406,6973,1295,932,2136,101.57277086072229,104.18519462164514,2015-16
,,,,8953.160710270608,8439.274603042648,8555,6888,1783,873,1056,8063,6736,1055,760,1855,102.75002548679782,108.90431187241582,2015-16
,,,,8509.840393471195,8853.729725910936,8423,7040,1823,782,1069,8734,6877,1083,730,1972,107.85805317078471,103.61515145550808,2015-16
,,,,8445.173333164706,8585.71154272661,8335,7170,1720,907,1093,8456,7333,925,969,1813,104.56649914922244,102.73888176708412,2015-16
,,,,8636.776342311252,8588.686972901689,8388,6900,1831,751,1011,8413,6971,1099,868,1873,104.82026184507582,105.30227326366746,2015-16
,,,,8466.055578371266,8779.638627038497,8355,7003,1974,941,1162,8609,6904,1076,799,1958,107.04356346020899,103.24297873602421,2015-16
,,,,9262.692702315824,8328.367633824306,9421,7159,1790,816,1219,8539,7330,1130,937,2013,101.54934401430896,112.83175241927756,2015-16
,,,,8717.540210887511,8744.446958570352,8737,6847,2407,930,1250,8721,6977,1293,970,2018,106.51056678619234,106.21097776826873,2015-16
,,,,8790.376979610608,8339.096329844995,8569,6759,2152,721,1016,8218,6946,1204,968,2055,101.62993742425365,107.10071892091871,2015-16
,,,,8146.318178286746,9029.137654412312,7982,6956,2028,878,1067,8766,7023,992,897,1942,109.95323914265073,99.31171086879706,2015-16
,,,,8623.29482034076,8397.225943606027,8204,6697,1889,807,1085,8069,6914,1005,803,1761,102.25780778725712,105.09648790186212,2015-16
,,,,8425.949229340968,8750.3378234752,8122,6740,1863,858,1200,8465,6817,1210,942,1961,106.50692515199098,102.78774747776434,2015-16
,,,,8610.734124576165,8848.895558362656,8398,6668,2213,821,1177,8688,6962,1167,877,1842,107.75840684255961,105.00492640402516,2015-16
,,,,8309.595782436896,8961.453045694247,8089,6920,1699,863,1174,8692,6984,1110,840,1608,109.1751323867804,101.38420968194762,2015-16
,,,,8433.519528321456,8650.984880136302,8065,6886,1753,850,1038,8289,7035,884,890,1904,105.36739394617352,102.80014072083739,2015-16
,,,,8463.745077922227,8638.444666234527,8369,7120,1649,843,1115,8502,6850,1192,832,1971,105.25872699090283,103.09748249473981,2015-16
,,,,8444.392840232344,8271.65561112347,8377,6985,1872,847,1176,8237,6962,1248,877,1901,100.82698446894769,102.94088732906675,2015-16
,,,,7990.539721372316,8815.950958697671,7988,6887,1850,777,1279,8827,7005,1185,913,2141,107.39697093577837,97.37900768011703,2015-16
,,,,8203.114934328229,8839.318491787426,8271,7018,1905,943,1358,8817,6870,1172,813,2177,107.69670497185741,99.99758197117708,2015-16
,,,,8761.089956796031,8715.66972337823,8622,7040,1889,948,1154,8554,6945,1048,867,2129,106.09270274695017,106.74544022899138,2015-16
,,,,8531.955381311274,8752.118742850258,8740,7083,2089,868,1274,8943,7194,1280,926,1902,106.6562669948765,103.94664230937566,2015-16
,,,,8946.875726978544,7966.093646613642,8490,6797,1672,770,1028,7618,6709,1172,747,1611,97.13318134757307,108.97636663295117,2015-16
,,,,9053.67819150703,8491.55817856848,9038,7082,2067,1071,1269,8441,7192,1027,923,1950,103.51974491047339,110.36109740789404,2015-16
,,,,8881.740308658513,8479.930559985736,8422,6669,2190,836,994,8053,6732,1052,782,1809,103.2705989771684,108.10463892383127,2015-16
,,,,8537.627380217822,8394.028230797352,8010,6593,1885,880,1162,7863,6549,1092,764,1842,102.28319293188406,103.96656456051088,2015-16
,,,,8475.938055119726,8722.352612912273,8126,6859,2024,916,1041,8310,6459,1267,830,2107,106.22414701115162,103.19306729518857,2015-16
,,,,8502.672280382456,8547.377009037069,8534,7033,1849,743,1138,8575,6868,1277,773,1947,104.20869446861465,103.54835734982213,2015-16
,,,,8522.71985599231,8531.974807812712,8361,7087,2095,1021,1063,8311,6903,1059,725,1726,103.93375051898094,103.85303323893278,2015-16
,,,,8673.740248017471,8388.223614213039,8479,6922,1941,734,973,8256,6971,1070,726,1735,102.19845513963162,105.78861739928932,2015-16
,,,,8437.991021243912,8526.652084361835,8459,6918,2039,842,1249,8529,7155,1207,876,1658,103.81570490973182,102.88050828492756,2016-17
,,,,8965.78917112379,8699.465543922912,8857,6977,1903,743,1037,8641,7035,1102,883,2042,105.99228700959709,109.23347869842335,2016-17
,,,,9139.472354122754,8912.09713541448,9048,6963,1913,766,1081,8787,7284,986,902,1644,108.59731862134424,111.43241392560336,2016-17
,,,,8515.391783267634,8661.062473817337,8556,7130,1825,703,1012,8728,7299,1101,872,1697,105.47839916468068,103.80975491385585,2016-17
,,,,8626.6329804262,8620.427431646569,8435,7141,1848,999,1065,8400,7099,1058,843,1555,105.02363031682127,105.17298993032522,2016-17
,,,,8566.579253767637,8756.095845388892,8029,6750,1516,647,921,8269,6477,1191,727,1827,106.76730949995353,104.39420416484636,2016-17
,,,,9074.608547167318,9120.360326168287,9161,7194,1986,966,1186,9119,7248,943,770,1794,111.066993408328,110.53543504700863,2016-17
,,,,9319.68067579702,8347.818581202317,9503,7140,1850,770,1182,8549,7311,1213,963,1905,101.78350319078007,113.59072436050681,2016-17
,,,,9231.957393318964,8805.765889192915,9458,7152,2177,892,1188,8985,7286,1177,878,1819,107.15103466040813,112.51647656164495,2016-17
,,,,9090.037695061637,8732.650963672488,8911,6820,2128,738,1022,8559,6999,1032,837,1917,106.4886009047612,110.82892223195097,2016-17
,,,,8543.130627765899,9122.559514645878,8575,7164,1853,933,1193,9139,7053,1146,843,1966,111.16598386578826,104.07412262176976,2016-17
,,,,8706.087649025372,8607.325494418017,8460,7037,1768,872,1033,8373,6904,1069,837,1940,104.79873835986783,106.06926849817953,2016-17
,,,,8831.336827588351,8800.426103632224,8497,6715,1839,723,1096,8512,6801,1144,844,1900,107.24455083784805,107.59564197762234,2016-17
,,,,8925.407753080377,8993.610769668065,8657,6922,1986,938,1099,8748,6829,1132,806,1881,109.5878055380175,108.79947315768571,2016-17
,,,,8408.384608348277,8907.21958070448,8673,6987,2020,721,1307,9225,7449,1054,902,2049,108.49673510095784,102.49592285329364,2016-17
,,,,8657.176385809078,8977.779977020879,8556,7256,1731,983,1081,8857,7163,1012,953,1988,109.38997519983401,105.42606621289265,2016-17
,,,,8335.87898571471,8919.752818130388,8288,7133,1753,807,1053,8827,7081,1019,799,1860,108.71492967460651,101.6892588266473,2016-17
,,,,8760.894001807732,8773.552322642689,8618,6931,1811,742,1087,8636,6909,1173,879,1974,106.99294807942951,106.75301380926662,2016-17
,,,,8317.73798585703,8790.488979956994,8400,6992,1806,807,1310,8867,7043,1190,886,2135,107.00666151766751,101.33130027359452,2016-17
,,,,8581.740123339,9006.7354968841,8831,7260,2159,976,1223,9293,7070,1188,840,2387,109.73893163664876,104.42286589980326,2016-17
,,,,8901.62807050627,8890.151269388545,8851,7059,1940,830,1077,8894,7069,1016,830,2173,108.31652685626321,108.4734545811069,2016-17
,,,,8623.296905625017,9020.630038254089,8430,6734,1913,715,1157,8748,6824,1091,826,1988,109.84816141200345,105.14211022584975,2016-17
,,,,8975.92214631355,8335.21770435709,8637,6864,1806,821,1057,8047,6839,1135,800,1705,101.5496832487822,109.40334201432871,2016-17
,,,,8651.251620116485,8680.94180616256,8741,7169,2113,1002,1199,8679,6998,1081,750,1996,105.7480955838991,105.36758714132108,2016-17
,,,,9085.692111867167,8650.97602726779,8762,6918,2028,871,969,8417,6801,1148,831,1948,105.54073167551083,110.79470734618731,2016-17
,,,,8884.75208128525,8489.818168372938,8258,6515,1875,771,1060,7935,6723,943,742,1701,103.42211864804416,108.24485515794993,2016-17
,,,,8645.541755517117,8638.562496463219,8239,6854,1918,886,1019,8199,6465,1119,761,2202,105.2249264619065,105.2111373887104,2016-17
,,,,8971.236281142075,8817.19350463493,8953,7137,1812,843,1103,8805,6978,1210,868,1982,107.48186052870578,109.25914174277666,2016-17
,,,,8508.714942563442,8702.31489698181,8309,7282,1586,908,932,8401,6830,997,656,1726,105.93359258754873,103.81266991843914,2016-17
,,,,8786.831264473713,8763.129758668058,8601,7000,1953,721,899,8585,7092,1020,732,1496,106.80198650450845,107.0132830346434,2016-17
,,,,8459.243969119665,8917.47832534473,8475,7015,1654,743,1228,8922,7107,1201,841,1686,108.68770739836566,103.00494909914727,2017-18
,,,,8699.891388049851,8382.7346718633,8529,6975,1697,767,1091,8235,6973,1110,791,1748,102.15702036441586,106.00719889431346,2017-18
,,,,9113.75178882677,9037.819642296554,9091,6950,1909,694,1091,9014,7238,1058,812,1588,110.15896914473427,111.04243821882605,2017-18
,,,,8879.19906170101,8721.802932991945,9161,7241,1716,712,1182,9054,7538,1134,887,1679,106.22072888021249,108.20879655659552,2017-18
,,,,8363.19331223345,9003.046918728087,8440,7285,1574,790,1090,9017,7115,1064,691,1660,109.7172198968169,101.9624140447185,2017-18
,,,,8596.804929935346,8843.526906210147,8390,7042,1530,666,964,8639,6870,1094,725,1754,107.84245190219156,104.70224130185194,2017-18
,,,,9040.651484671795,8947.720072869086,9020,7102,1830,902,1174,8899,7113,1096,800,1671,109.26740862253568,110.27973395931141,2017-18
,,,,9242.385913197892,8624.091853403741,9304,6979,1668,691,1229,8814,7380,1104,893,1807,105.10274168622288,112.76318277234539,2017-18
,,,,9266.11666920771,8563.92532903112,9213,6906,2061,739,1080,8518,7017,1144,710,1610,104.39493099982842,112.9897079167607,2017-18
,,,,8892.271570226392,8887.242944074846,8937,7004,2095,832,1154,8934,7193,1112,871,1864,108.2363317406011,108.3561677053275,2017-18
,,,,8578.907321326515,8712.29488334074,8862,7248,1910,876,1256,8989,7374,1118,840,1843,106.21629413961139,104.64786736573615,2017-18
,,,,8643.540630879268,8578.120664846554,8480,6997,1601,763,1118,8441,6873,1118,744,1885,104.51438759843495,105.25740897964857,2017-18
,,,,8905.380341450369,8866.472866435193,8731,6807,1915,688,1078,8756,6864,1206,817,1926,108.09289371935351,108.59993034479326,2017-18
,,,,9153.271070227485,8948.511985839446,8980,7063,1980,848,963,8797,6942,1187,803,1683,109.05570183920699,111.56388212493167,2017-18
,,,,8644.217995287157,8938.843316118879,8741,7114,1850,792,1167,9048,7334,983,853,1921,108.89082515368433,105.2752017343129,2017-18
,,,,8590.846419843176,8941.195796744943,8566,7193,1557,859,1165,8858,7078,1051,838,1906,108.95931431158084,104.6666210496476,2017-18
,,,,8478.328456619283,8899.064378118477,8479,7042,1678,722,1143,8874,7176,1109,868,1741,108.44380572501171,103.38579643276937,2017-18
,,,,8840.124520198526,8721.08402610589,8656,7083,1573,788,1047,8543,6953,1214,837,1602,106.32392767533555,107.74048682369693,2017-18
,,,,8877.342067830017,8427.385973523355,9004,7098,1868,893,1301,8635,7185,1123,818,2102,102.61584241248836,108.11823360454952,2017-18
,,,,8338.795600220948,9111.278301919447,8522,7141,1962,842,1235,9290,7274,1062,855,2014,111.0293098255561,101.48524284053883,2017-18
,,,,8754.032291294727,8576.395427199292,8661,7132,1715,835,1067,8448,7042,1012,763,1803,104.49858491499594,106.6809548444313,2017-18
,,,,8340.29056500948,9006.272330319116,8104,7063,1371,776,1083,8677,6759,1117,745,1760,109.76041693019961,101.63998575234159,2017-18
,,,,8699.583890322236,8446.863753872372,8424,6999,1715,849,1040,8187,6911,1112,756,1549,102.99978864096138,106.03428744052563,2017-18
,,,,8875.24846239378,8669.754928020307,8844,7221,1985,1024,1102,8564,6885,1240,781,1733,105.64335867918662,108.2179041652391,2017-18
,,,,9157.673112715976,8528.365230875244,9156,7169,1790,800,1045,8518,7017,1124,806,1941,104.01707648271346,111.63675380413578,2017-18
,,,,8772.62413534047,8379.359566501582,8540,6797,1766,740,1155,8187,6804,1187,710,1680,102.07974863469738,106.8964481339435,2017-18
,,,,8400.242414287028,8966.367342327234,8145,6788,1732,779,1182,8654,6587,1145,782,2196,109.31957596030439,102.41315314318479,2017-18
,,,,8818.315648555235,8762.683125723985,8742,7018,1786,823,1152,8694,6918,1180,805,1931,106.77126828645255,107.49012645029289,2017-18
,,,,8662.435950066289,8661.289992671704,8509,7129,1621,830,1045,8521,6988,1162,756,1548,105.52165169062502,105.60688275389587,2017-18
,,,,8808.863431487529,8822.580925208056,8874,7106,2216,827,1011,8853,7199,1071,692,1494,107.49985428687998,107.36790142576442,2017-18
,,,,8693.412578832316,9160.9710994254,9294,7524,1918,955,1363,9788,7417,1195,871,2321,111.70659557373457,105.90342664928578,2018-19
,,,,9063.56482387412,8656.833213074142,9216,7423,1598,804,1019,8852,7222,1197,852,1872,105.49800492927868,110.48875930330698,2018-19
,,,,8693.82188842928,9490.793008632358,8567,7184,1694,879,1036,9355,7148,987,782,1680,115.60515063888681,105.94383628727881,2018-19
,,,,8940.425523386326,9098.27845302301,9466,7563,1921,909,1188,9575,7610,1071,898,1926,110.94451731313814,108.96441217233551,2018-19
,,,,8465.992058144193,9146.584860371846,8605,7205,1695,718,1106,9295,7316,1053,824,1805,111.46153108211819,103.19230584736414,2018-19
,,,,8808.841994660039,8932.879600689626,8927,7122,2076,832,1117,9032,7315,1028,836,1802,108.82085042193383,107.28999908658676,2018-19
,,,,9070.70673769424,8806.515566630063,9075,7384,1714,972,1054,8751,7084,1067,799,1822,107.32577192139009,110.39931096231703,2018-19
,,,,9398.62827485698,8791.458111861954,9650,7361,1672,797,1128,9120,7471,1060,886,1987,107.05130010986844,114.5036356387523,2018-19
,,,,9290.292237989659,8896.640190445823,9341,7163,2001,836,1038,8950,7106,1188,899,1944,108.48011480711143,113.28685916094229,2018-19
,,,,9070.438106295342,8991.988851763255,9442,7178,2340,796,1132,9372,7490,1040,925,2159,109.55048299466041,110.51547357086005,2018-19
,,,,8666.0999400412,8872.896128205814,9165,7425,1910,835,1246,9306,7610,1104,924,1862,108.09266280107046,105.6313678484164,2018-19
,,,,8643.462776853254,8681.171300446811,8668,7218,1782,921,1155,8687,7116,1105,831,1861,105.82493994279338,105.24424240658178,2018-19
,,,,9194.702433096625,8479.83261772925,9686,7471,1904,762,1087,8959,7669,1067,813,1694,103.35288335971279,112.18750579121958,2018-19
,,,,8931.972799771393,9087.655911754846,9223,7483,1995,923,1030,9346,7386,1170,921,1827,110.74929374514154,108.91849122558399,2018-19
,,,,8819.30278959923,8827.297481869815,9204,7358,2088,900,1181,9210,7581,1050,902,1872,107.68554418030371,107.55201151708634,2018-19
,,,,8428.506186513014,9146.229212591601,8575,7241,1956,857,1099,9330,7352,1042,881,1948,111.4679359435707,102.77289048904316,2018-19
,,,,8787.767289942007,8726.238625541906,8800,7307,1575,822,1036,8742,7185,1025,739,1717,106.26659275899291,107.13416118821524,2018-19
,,,,8838.287748469746,8618.659477178677,8857,7135,1727,762,1090,8584,7059,1223,862,1718,104.99124257575906,107.71165333800325,2018-19
,,,,9102.180620365394,8835.096560640894,9445,7233,2258,892,1186,9224,7506,1005,823,2011,107.59561592191152,110.85004201621497,2018-19
,,,,8525.26811889222,9239.579742031256,8815,7164,1858,748,1244,9581,7230,1247,971,2263,112.69484292590207,103.98088120110597,2018-19
,,,,9203.924441181241,8914.931006286295,9402,7427,1914,967,1091,9058,7384,977,842,1868,108.59713316996206,112.01978754128362,2018-19
,,,,8927.077453933029,8972.804385702973,9363,7637,1865,906,1058,9455,7430,1251,917,1998,109.39336720998898,108.75069689648764,2018-19
,,,,9136.057045548536,8920.634643739018,9156,7248,1720,757,969,9018,7354,959,756,1654,108.8504676055794,111.43024048291306,2018-19
,,,,8851.695812997017,8640.10827553417,9387,7706,2049,1031,1119,9108,7272,1311,811,1971,105.42594024474376,107.95164428742946,2018-19
,,,,9165.97036725141,8624.149142158913,9384,7305,1803,786,1093,8885,7352,1171,867,1829,105.01420676156752,111.643578114813,2018-19
,,,,8950.390139900015,8500.653399584915,9161,7082,2092,820,1210,8730,7253,1099,733,1822,103.67333754518637,109.1572455340972,2018-19
,,,,8583.613668962207,8772.748198252255,8490,6924,1882,723,1080,8703,6836,1191,781,2023,106.96744885768645,104.69745026562816,2018-19
,,,,8939.191993099677,9195.632313258671,9350,7387,1963,794,1120,9588,7424,1230,936,1895,112.1167473514348,109.01603410161461,2018-19
,,,,8796.927271121822,8817.40311258353,8778,7238,1893,936,1062,8798,6969,1115,747,1947,107.37544058347409,107.0890041625391,2018-19
,,,,8942.683892602901,9084.542523295346,9081,7362,1895,814,956,9171,7311,1065,825,1660,110.74214504793876,108.91362229844805,2018-19
,,,,7023.247133746888,7572.498641730072,7488,6067,1566,661,1055,8022,6078,962,748,1839,112.96745883771102,104.72668684370997,2019-20
,,,,8011.546046123676,7580.976961433443,8183,6448,1668,768,947,7729,6268,1046,743,1761,105.21601341711771,111.16816919624178,2019-20
,,,,6844.728738541004,7421.092697988493,6948,5715,1296,704,1022,7461,5811,816,633,1245,114.05117857470421,105.22107329129337,2019-20
,,,,7820.284789444573,7931.241392040951,8341,6598,1687,797,1143,8434,6611,995,727,1775,110.10443864229765,108.518034732016,2019-20
,,,,6830.2713685735125,7057.694899385987,6945,5762,1332,680,951,7145,5364,1140,660,1691,108.45410774676535,104.92394713464711,2019-20
,,,,8586.65773199388,8270.193375923725,8776,6772,1787,791,909,8405,6868,850,782,1578,110.15265414818776,114.32621009134633,2019-20
,,,,8108.665463255134,7990.192119822528,8124,6488,1526,786,954,7970,6311,994,736,1643,109.29905978123732,110.87091808325962,2019-20
,,,,6727.177459450759,7279.286530785636,6912,5730,1511,647,930,7478,5760,955,661,1422,111.95147072913672,103.50652306733913,2019-20
,,,,7985.305411957662,7791.594839811224,8482,6512,1876,704,1021,8269,6589,1112,803,1706,108.11072295205423,110.81150286631026,2019-20
,,,,8059.626620831802,7622.009805155363,8377,6425,1894,767,999,7913,6494,978,771,1766,105.81649737096885,111.8370812617818,2019-20
,,,,7824.58659020483,7435.955493045528,8054,6269,1728,757,1041,7643,6187,1075,668,1626,104.56341388669993,110.12782156394087,2019-20
,,,,8107.8290036773415,7864.3153261371945,8179,6160,1840,620,1018,7964,6326,991,674,1720,107.62453039271331,111.0130843151094,2019-20
,,,,8103.221906787191,7382.863914993431,8663,6638,1800,691,1069,7927,6862,990,693,1551,101.09112611969229,110.95030737704919,2019-20
,,,,6781.598437651827,7092.054115588351,7248,5865,1624,675,943,7523,5786,950,647,1613,110.65318177539301,105.84792247165413,2019-20
,,,,7694.706997072444,7750.354380463927,8048,6498,1732,766,1046,8089,6688,884,766,1625,107.55218720914772,106.73626805020636,2019-20
,,,,6882.640535817287,7339.164834747657,6983,5896,1550,795,914,7409,5678,867,632,1696,111.25894246190256,104.27056891145288,2019-20
,,,,7790.039128096275,7867.489923019147,7831,6468,1656,751,889,7905,6343,1022,660,1445,107.6858108108108,106.76733963766456,2019-20
,,,,7942.88266183794,7726.979329671762,7989,6457,1393,636,925,7846,6459,1023,757,1577,105.75720324361629,108.56212596413604,2019-20
,,,,8026.225662946852,7810.599077488867,8084,6417,1638,764,985,7910,6275,974,628,1786,106.7931803576154,109.85606192381283,2019-20
,,,,8060.744722149856,7970.242286950337,8294,6429,1740,712,1037,8278,6378,1097,664,1787,108.96004885959185,110.29842012873024,2019-20
,,,,8253.993446632763,8323.65496758491,8508,6749,1632,754,920,8593,6781,917,852,1828,112.32209894488074,111.46221446650631,2019-20
,,,,7827.812444203323,7941.915775203142,7927,6364,1464,695,990,8074,6158,1047,654,1752,110.27222516621414,108.5420557676403,2019-20
,,,,7872.812297636473,7922.826078477318,8098,6350,1664,640,868,8177,6402,905,665,1594,111.3522964964267,110.77732908718825,2019-20
,,,,7868.328543771718,7709.732687687251,7950,6156,1787,593,935,7807,6454,976,754,1408,107.01087790863433,109.13913248804275,2019-20
,,,,7910.190660730953,7407.205780132423,8118,6331,1670,685,1011,7669,6359,1150,786,1670,102.8319343506128,109.8244000108228,2019-20
,,,,7982.105417429409,7769.848049241493,8013,6130,1641,656,1045,7835,6417,852,688,1545,107.9082194799471,110.6608995392927,2019-20
,,,,7862.446743289618,7892.716344706412,8222,6634,1589,754,1065,8300,6592,1038,756,1828,108.09656278977694,107.55923476222371,2019-20
,,,,7845.037694716387,8168.870915879822,8238,6544,1770,732,975,8574,6363,1113,753,1890,113.49376538797553,108.88471807343574,2019-20
,,,,7056.980754015536,7351.371767923058,7078,5658,1476,644,960,7313,5764,872,668,1379,111.22839464862595,106.86289903735822,2019-20
,,,,6807.089313081868,7253.84141264933,6687,5586,1406,715,903,7126,5690,879,711,1197,111.61091863648609,104.60467037092656,2019-20
,,,,8185.743490600462,7995.899481365919,8186,6281,1745,760,914,8019,6418,854,719,1519,111.04556482435441,113.65024712611762,2020-21
,,,,8043.8683497303555,7976.156767333279,8109,6401,1496,765,964,8004,6191,972,677,1692,110.69804494307432,111.72129882726391,2020-21
,,,,7502.155703434825,8148.540223551356,7476,6175,1614,751,1039,8084,6245,969,712,1468,113.09583767025931,104.22184922684005,2020-21
,,,,8045.171966561337,8092.284470387978,8251,6412,1878,845,1003,8272,6431,920,644,1516,112.17731392832152,111.5554762368313,2020-21
,,,,7879.866900607108,7970.6117438720785,7969,6380,1258,693,1045,8033,6313,873,624,1600,110.55601431323974,109.38134820850124,2020-21
,,,,8187.784680854173,8004.731761441621,8096,6287,1524,657,823,7933,6269,861,704,1621,111.1182702920759,113.65103964871496,2020-21
,,,,8285.350355422428,7974.344368327599,8284,6422,1406,758,923,7929,6149,971,652,1589,110.62959386981734,114.96549924781144,2020-21
,,,,7872.7018620711415,7804.942108938034,8187,6347,1520,574,1054,8111,6408,1042,769,1834,108.32055726793413,109.22116385175698,2020-21
,,,,7592.990349724742,8163.080211669391,7833,6372,1606,671,1025,8402,6411,994,713,1642,113.31880320669825,105.38651138760925,2020-21
,,,,8362.476955324188,7874.452871961784,8209,6242,1387,678,894,7764,6223,891,659,1489,109.19585494559898,116.13857968275168,2020-21
,,,,7779.834069753168,7609.143600140221,7887,6197,1679,695,1060,7686,6221,1047,634,1475,105.53343402444048,108.02984894723289,2020-21
,,,,7923.387453632224,7866.81295929418,7781,6029,1520,579,956,7779,6137,1031,684,1435,109.32625010540518,109.98190761576299,2020-21
,,,,8291.949623612507,7901.812029841117,8649,6610,1539,741,964,8225,6688,911,693,1350,109.66666666666667,115.16399117994823,2020-21
,,,,7749.882184510636,8112.824810631612,8073,6546,1662,757,983,8473,6426,1061,718,1695,112.75083834566456,107.59294601827466,2020-21
,,,,8417.146820584585,8007.479752984726,8537,6289,1623,640,944,8213,6573,870,753,1584,111.18240791881911,116.83125499512803,2020-21
,,,,7856.427364883997,7656.719734634569,7706,6225,1506,696,876,7540,6209,876,695,1598,106.30018947938284,109.03215217526642,2020-21
,,,,7451.346707217529,8114.008208135347,7488,6423,1543,747,882,8158,6456,876,704,1390,112.68578374495829,103.46943174720738,2020-21
,,,,7957.55022884404,7934.004198495209,8302,6567,1493,648,937,8305,6576,1026,813,1695,110.22190370016457,110.50297354424112,2020-21
,,,,8040.3577720742605,7627.121141482213,8182,6257,1836,722,989,7780,6259,1075,702,1640,105.79852045256744,111.59545216480447,2020-21
,,,,8329.868673937519,7899.310316625923,8300,6357,1347,630,864,7881,6248,936,674,1560,109.51308987827248,115.53966769121118,2020-21
,,,,8300.827752243316,8209.031168908237,8360,6558,1558,766,775,8231,6355,863,710,1638,113.86524861939596,115.27027846872535,2020-21
,,,,8057.273299805529,8307.680527382272,8189,6382,1585,674,924,8454,6438,947,767,1631,115.24556821218053,111.72810871285509,2020-21
,,,,7845.0035566595025,8022.717155324849,7998,6518,1584,669,791,8123,6469,897,732,1489,111.43945255694759,109.00972609909282,2020-21
,,,,7355.666466600922,8100.538688113925,7560,6338,1536,715,1108,8326,6603,898,729,1426,112.52202869406332,102.06781839488904,2020-21
,,,,7931.133581808124,7975.988979505477,8011,6383,1536,680,898,8045,6099,1103,720,1785,110.69983763106477,110.08899467351213,2020-21
,,,,8350.728304908629,7644.559959505761,8382,6344,1546,765,973,7716,6581,791,706,1364,106.19089037400774,115.89770250987246,2020-21
,,,,7942.970734650103,7869.1348292531475,8157,6608,1536,803,916,8083,6387,1020,704,1588,109.20434709770161,110.27682091271407,2020-21
,,,,7867.709126570919,8005.627334228174,8398,6547,1884,697,1003,8530,6594,1017,738,1828,111.10647986536969,109.3210586881473,2020-21
,,,,7655.096337492823,8003.329306105612,7676,6162,1683,694,1020,7998,6260,959,717,1607,110.94342135196169,106.19047882554105,2020-21
,,,,7830.36668575654,8019.748650436019,7881,6324,1505,762,1021,8020,6346,1017,766,1387,111.27637610860131,108.77546513553801,2020-21
,,,,9409.332082413734,9261.675705178113,9343,7241,1829,823,924,9215,7294,988,838,1634,112.88797201015319,114.68362882912962,2021-22
,,,,9260.974186693333,8594.434031830438,9164,7167,1713,863,1070,8567,7221,1065,858,1692,104.82742080739263,112.74994709463418,2021-22
,,,,9074.110817762048,8837.78603685022,8839,6940,1810,837,1088,8665,7152,1048,858,1592,107.7403984840497,110.66179232290858,2021-22
,,,,9019.137946014956,9114.395544715719,8962,7212,1903,981,1089,9043,7009,1120,759,1753,111.075353873819,109.86451432578347,2021-22
,,,,9169.103619671821,9183.314391135737,9152,7127,1766,711,994,9184,7170,1014,764,1799,111.8423295938896,111.7864331919717,2021-22
,,,,9153.915250464093,8818.161229064657,8858,6982,1739,759,960,8587,7001,1029,780,1689,107.42935209604212,111.44717771157099,2021-22
,,,,9223.478382040606,9100.242590433045,9243,7079,1725,752,1135,9054,7168,1003,795,1783,110.94881208550434,112.43157766695049,2021-22
,,,,9114.798265023586,8595.426123050982,9102,7087,1665,800,1174,8648,7098,1123,792,1880,104.74552457547054,111.08670181605154,2021-22
,,,,8717.028054129143,9458.790868402102,8997,7083,2010,786,1284,9692,7374,1094,915,1943,115.2722671005433,106.27967963711107,2021-22
,,,,8898.142628100317,8877.414249779895,8890,7170,1606,747,1068,8888,7432,1065,984,1606,108.1312563567261,108.44584538964874,2021-22
,,,,8911.744428344044,9169.2592449549,9192,7279,1884,782,1139,9442,7424,1093,902,1911,111.66247232681792,108.58881790345141,2021-22
,,,,9207.810545485754,8810.337304217466,9022,6954,1753,807,1129,8657,6886,1159,783,1845,107.2233644628304,112.11185835781353,2021-22
,,,,9281.12535378202,9027.969156553674,9470,7331,1881,840,1045,9195,7431,1018,812,1634,110.04121609007225,113.228211639908,2021-22
,,,,9175.826453434876,9027.750142953404,9507,7458,1894,921,1126,9291,7163,1270,904,2081,110.02245211163532,111.89497620157337,2021-22
,,,,9180.262308206955,9076.118637802772,9258,7251,1781,844,1086,9194,7395,1018,926,1888,110.53509856066327,111.85698544336833,2021-22
,,,,8939.39933914895,8894.776959413106,8731,7069,1980,941,1017,8741,7050,975,766,1826,108.41631069502532,108.91694319004016,2021-22
,,,,8410.195649215666,9102.519914777295,8547,7240,1614,746,1132,9203,7300,1029,852,1851,110.99398898140733,102.5292220878678,2021-22
,,,,9032.030395020043,9416.312245005429,9140,7338,1754,925,1117,9425,7212,1021,833,1845,114.77386200345845,110.09713602898663,2021-22
,,,,9174.034362459099,8957.585439539489,9015,6932,1955,700,963,8801,7097,1024,838,1773,109.15129627241068,111.91528453669679,2021-22
,,,,9286.112831214523,8657.02464542398,9416,7389,1635,801,1012,8801,7243,1150,863,1861,105.41584220083269,113.18123903166094,2021-22
,,,,8731.997228213313,9430.316406549942,8711,7144,1771,854,1122,9439,7045,1092,800,2014,114.78555689053843,106.34531523920677,2021-22
,,,,8839.368488379243,9347.999676155356,9045,7223,1908,784,1110,9493,7429,1033,866,1682,113.87846565771922,107.82593353773967,2021-22
,,,,9012.318090509514,9098.108607660164,9279,7601,1673,901,1009,9269,7475,1068,933,1711,110.8355534722654,109.87410480845742,2021-22
,,,,8439.388110338377,9088.347104860512,8506,7310,1632,854,1090,9170,7421,1040,906,1629,110.85911583508225,102.92736759566704,2021-22
,,,,9066.74258147344,8928.479074096535,8970,7489,1749,1095,955,8782,6919,1235,847,1742,108.77589341894698,110.48757415108099,2021-22
,,,,9435.131725175894,8913.291554930121,9316,7067,1916,884,1079,8821,7318,925,809,1581,108.5041896074119,114.94082694224826,2021-22
,,,,9217.762332640836,8773.415435802623,9480,7739,1898,1159,1023,9014,7269,1180,821,1837,106.84804202800285,112.34730010950305,2021-22
,,,,8974.01888724838,9219.930253253382,8907,7056,1778,737,1037,9184,7287,924,840,1828,112.33811031250153,109.445192619607,2021-22
,,,,8544.120178187832,9177.390020803312,8596,7267,1806,900,1098,9229,7051,1133,847,2056,111.98013987507342,104.07233245032472,2021-22
,,,,9223.251053712342,9164.088979310365,9457,7497,1753,888,1042,9421,7388,1181,931,1815,111.66820757177061,112.28497611109529,2021-22
,,,,9396.968202818483,9384.977510019797,9711,7574,1850,920,1013,9687,7398,1106,866,1899,114.32030929149025,114.50300672090556,2022-23
,,,,9569.603215388184,8985.81052743881,9671,7278,1769,796,1043,9136,7394,985,799,1733,109.51127477069278,116.47092261445968,2022-23
,,,,9419.604136691987,8924.899451505476,9205,6984,1844,795,1020,8764,6847,1205,801,1838,108.73826882323456,114.77040930831035,2022-23
,,,,9227.582089715046,9078.039007954576,9378,7180,2000,866,1149,9223,7105,1175,792,1935,110.59548648583831,112.40560949298813,2022-23
,,,,9232.820787512645,9056.595888802098,9276,7116,1788,694,1042,9170,7142,1162,791,1806,110.3803246168587,112.42655186456456,2022-23
,,,,9431.113279160112,9417.801112375035,9366,6909,2057,625,957,9360,7065,1018,830,2046,114.800987092248,114.97554652053503,2022-23
,,,,9501.498039421034,9219.000974287654,9495,7088,1834,828,1134,9222,7166,1059,832,1861,112.30126256722001,115.77912829717498,2022-23
,,,,9373.082174851683,9214.205512247088,9753,7393,1655,864,1287,9605,7423,1111,880,2067,112.16234521479586,114.14760890428595,2022-23
,,,,8898.85727128925,9649.018699416176,9081,7287,2078,1100,1267,9725,7226,1031,861,1986,117.59598734679268,108.5164047263967,2022-23
,,,,9284.916895986247,9248.61359406965,9314,7059,1962,803,1110,9273,7243,1014,838,1832,112.7405447728168,113.18122606108918,2022-23
,,,,9236.719936060717,9206.053502540193,9608,7298,2182,818,1104,9561,7698,992,908,1706,112.05207298092971,112.4521305980281,2022-23
,,,,9129.261964347483,9148.628639817553,8977,6991,1885,796,1047,9003,6822,1231,729,1728,111.36372632453936,111.21986272517779,2022-23
,,,,9319.921917231475,9014.900758821532,9589,7411,1837,914,1137,9291,7644,942,879,1719,109.7790948275862,113.583060500244,2022-23
,,,,9183.558796422532,9173.53054180859,9494,7167,1942,749,1212,9497,7277,1205,928,2133,111.82782024652282,111.89843101757563,2022-23
,,,,9355.844274338793,9160.229202419443,9295,6978,1811,674,1057,9225,7257,1068,943,2003,111.63793729396902,113.9394741745364,2022-23
,,,,9517.735831520344,9229.340557993055,9514,7328,2087,1031,988,9274,7229,988,830,1943,112.52232489517006,115.97799904428472,2022-23
,,,,9007.838920931074,9199.531993353923,9136,7074,2050,833,1178,9346,7127,1155,779,1890,112.134955486766,109.79449585386372,2022-23
,,,,9179.186564811624,9550.878807730473,9535,7345,1944,832,1157,9796,7323,1166,993,2100,116.34204275534442,111.84278435162855,2022-23
,,,,9562.067161881616,9129.76454652989,9448,6870,2058,715,1052,9094,7005,1108,782,1943,111.09319416754623,116.46196249747304,2022-23
,,,,9261.61275360695,9108.697383542694,9319,7388,1781,971,1055,9149,7044,1115,840,2101,110.98521976262336,112.88040660687724,2022-23
,,,,9268.171891964575,9588.71422973731,9299,7001,2021,774,1120,9628,7176,1055,857,1977,116.78966700146049,112.90346080250211,2022-23
,,,,9628.708954418355,9416.436032205667,9898,7232,2055,782,1076,9681,7288,1117,795,1882,114.72989116007433,117.41121207088798,2022-23
,,,,8851.278244933721,9735.232028348579,9269,7593,1739,965,1208,10092,7460,1079,877,1942,118.49966183211843,107.76453408610001,2022-23
,,,,9259.980657207583,9198.093739065242,9633,7590,1944,934,1021,9544,7252,1325,982,2090,112.08982218777159,112.89959636020983,2022-23
,,,,9254.823760867032,9221.274444467537,9254,7489,1922,1043,920,9133,6752,1302,757,1893,112.33812878847516,112.69313952808682,2022-23
,,,,9290.338360949185,9399.362328362093,9600,7365,1955,968,1222,9677,7515,986,919,1989,114.42375454644349,113.21822813472969,2022-23
,,,,9274.473841536448,8953.073384653242,9587,7551,1954,988,1060,9264,7365,1182,902,1931,109.05700535867324,113.01746129797377,2022-23
,,,,9225.36629847636,9348.771493543582,9279,7127,1838,774,1094,9378,7363,971,883,1794,113.80570751763271,112.39480021124749,2022-23
,,,,8895.113740949468,9577.148264348209,9045,7140,2106,916,1189,9719,7222,1059,901,2149,116.736892173019,108.45791904686534,2022-23
,,,,8797.837871449836,9297.263679334683,9098,7413,1933,901,1121,9610,7391,1128,895,1965,113.21065900148434,107.24321979555656,2022-23
,,,,9425.039390349315,9633.300323540368,9703,7584,1906,1024,1046,9882,7394,1098,870,1790,117.5085616438356,114.90128649652324,2023-24
,,,,9935.878700911138,9010.377426398865,9887,7396,1654,876,924,8957,7515,929,907,1422,109.7311177211406,120.98984796420844,2023-24
,,,,9332.189751181648,9097.3312649059,9236,7148,1671,807,1045,9038,7176,1051,823,1724,110.7250666457582,113.7264752673237,2023-24
,,,,9494.454558110901,9098.995836824095,9436,7165,1873,852,1018,9074,7155,1098,826,1699,111.00291636491751,115.70645189770352,2023-24
,,,,9278.137406922873,9391.415698365341,9206,7339,1731,916,957,9324,7131,1068,829,1789,114.30448832681964,113.0730417950192,2023-24
,,,,9481.799555899326,9313.83477913266,9664,7352,1842,797,991,9483,7413,1063,896,1772,113.43735645383555,115.64677950524623,2023-24
,,,,9570.042598548565,9138.702556912265,9418,7279,1628,881,967,8987,7210,960,894,1819,111.27537653101149,116.54036716773993,2023-24
,,,,9479.969244740692,9276.581629941955,9657,7515,1644,996,1124,9443,7415,1016,892,1840,113.10878470641784,115.42654153060589,2023-24
,,,,9197.571268281858,9140.979810385215,9375,7459,1916,940,1001,9283,7226,1077,878,2065,111.39243544206585,112.10038454915914,2023-24
,,,,9619.258775677625,9274.010765177187,9481,7108,1817,822,1003,9212,7288,1020,909,1718,112.96248154488333,117.21609004411212,2023-24
,,,,9367.591351169049,9320.249325227995,9679,7177,1983,676,1100,9630,7687,1040,893,1476,113.51527210659826,114.2264371831305,2023-24
,,,,9235.594394006035,9057.602561854792,9032,7022,1806,766,969,8888,7056,1072,757,1577,110.20622749501544,112.62350928470606,2023-24
,,,,9573.937628774307,9315.294693529484,9756,7258,1960,772,1015,9541,7537,935,843,1764,113.51360354829653,116.65112274912117,2023-24
,,,,9360.566251841745,8777.482987560537,9264,6974,1881,770,1095,8735,7114,1113,843,1794,106.87159258860493,113.99545199492042,2023-24
,,,,9129.894532963928,9352.596234005037,9050,7307,1711,938,1010,9287,7255,970,843,1736,114.00911385443368,111.29092554698568,2023-24
,,,,9459.188382146765,9149.69777057335,9249,7272,1789,1039,1003,8873,7026,1054,839,1620,111.5567401745078,115.2787679667363,2023-24
,,,,9156.327480531892,8972.067494778012,9058,6964,2002,861,1130,8892,6884,1178,731,1819,109.35440073985163,111.63586348331502,2023-24
,,,,9728.019634751125,9529.994525939454,10110,7599,1685,827,1006,9860,7361,1085,901,2130,116.24342741269953,118.67032889640116,2023-24
,,,,9400.471430856553,9167.608490915798,9397,7331,1934,906,924,9147,7098,1144,903,1926,111.73354962596683,114.59811999082923,2023-24
,,,,9512.132564560672,9228.045798157702,9532,7063,1915,831,1156,9281,7428,983,898,1705,112.31726207764545,115.81172697008724,2023-24
,,,,8683.275958051512,9482.364553820835,8722,7356,1680,1036,1182,9462,7104,1102,868,1938,115.5209798406001,105.8341018298306,2023-24
,,,,9384.689869777165,9327.203523557824,9558,7455,1710,888,1029,9415,7114,1082,747,1892,113.68740853084232,114.48900388098319,2023-24
,,,,8877.759944513664,9400.373293055245,9192,7436,1637,849,1198,9724,7570,1039,860,1679,114.56497356192918,108.0740434177358,2023-24
,,,,9677.277878815708,9017.263214139453,9847,7324,1759,722,970,9239,7322,1232,968,1878,109.82701561519296,117.98522878135051,2023-24
,,,,9053.890260229158,9579.900005551786,9213,7356,1772,891,1101,9741,7476,1073,919,1627,116.71627198090556,110.39244255710739,2023-24
,,,,9248.299275333635,9723.552179495533,9484,7371,1853,1002,1228,9885,7509,955,900,1768,118.49789976408309,112.73941076896742,2023-24
,,,,8621.088595651365,9234.699673569588,8677,7230,1722,896,1166,9251,7128,1184,874,1785,112.49604786341416,105.07793956656107,2023-24
,,,,8914.472997816758,9640.323771048585,9327,7493,1657,755,1111,10089,7618,1093,993,1966,117.54576467079262,108.73062503497286,2023-24
,,,,8840.919498437452,9562.004505440127,9010,7236,1780,861,1201,9757,7301,969,791,2013,116.6446695167322,107.78543401282418,2023-24
,,,,8855.652426325856,9681.536913373295,8740,7133,1512,765,1065,9580,7191,1052,867,1699,117.92859288292325,107.92415179519601,2023-24
